Tourist_Spot,Address,Zipcode,location,latitude,longitude
9/11 Memorial & Museum,rld Trade Center (museum: 180 Greenwich St.) Manhattan,10007,"National September 11 Memorial & Museum, 180, Greenwich Street, 10007, Greenwich Street, New York, NY, United States",40.711304049999995,-74.0132825413914
Abyssinian Baptist Church,132 Odell Clark Place New York,10030,"Abyssinian Baptist Church, 132, Odell M Clarke Place, 10030, Odell M Clarke Place, New York, New York, United States",40.8166357,-73.941477910502
Alice Austen House Museum,2 Hylan Boulevard Staten Island,10305,"Alice Austen House, 2, Hylan Boulevard, 10305, Hylan Boulevard, New York, New York, United States",40.61513305,-74.0630282760101
Alice Tully Hall,1941 Broadway Manhattan,10023,"Woolworth Building, Broadway, 10003, Broadway, New York, New York, United States",40.71245515,-74.00813517058265
Alvin Ailey American Dance Theate,405  55th Street Manhattan,10019,"Alvin Ailey American Dance Theater, 405, West 55th Street, 10019, West 55th Street, New York, New York, United States",40.7669219,-73.9869645
American Girl Place,609 Fifth Avenue Manhattan,10017,"Citigroup Center, East 54th Street, 10022, East 54th Street, New York, New York, United States",40.7583358,-73.96991526569397
American Museum of Natural History,Central Park st 79th Street Manhattan,10024,"Central Park West & West 79th Street, Central Park West, 10024, Central Park West, New York, New York, United States",40.7808732,-73.9728297
Apollo Theater,253  125th Street  Manhattan,10027,"Apollo Theater, 253, West 125th Street, 10027, West 125th Street, New York, New York, United States",40.810089500000004,-73.94999078047188
arts>Brookfield Place,230 Vesey Street Manhattan,10281,"The Rink at Brookfield Place with Gregory & Petukhov, 230, Vesey Street, 10281, Vesey Street, New York, NY, United States",40.7123174,-74.0156188
Barclays Center,620 Atlantic Avenue Brooklyn,11217,"Barclays Center, 620, Atlantic Avenue, 11217, Atlantic Avenue, Brooklyn, NY, United States",40.6826108,-73.97527899757287
Bartow-Pell Mansion Museum,895 Shore Road Bronx,10464,"895, Shore Road, 10464, Shore Road, New York, New York, United States",40.8719425,-73.8054998
Bronx Brewery,856 East 136th Street ,10454,"Bronx Brewery, 856, East 136th Street, 10454, East 136th Street, Bronx, New York, United States",40.801861,-73.91064053934592
Bronx Library Center,310 E. Kingsbridge Road Bronx,10458,"Bronx Library Center, 310, East Kingsbridge Road, 10458, East Kingsbridge Road, Bronx, New York, United States",40.863092800000004,-73.89451320075729
Bronx Zoo,2300 Southern Boulevard Bronx,10460,"New York Botanical Garden, Southern Boulevard, 10458, Southern Boulevard, New York, New York, United States",40.862243050000004,-73.87715409529777
Brooklyn Botanic Garden,1000 shington Avenue Brooklyn,11225,"1000, Manhattan Avenue, 11222, Manhattan Avenue, New York, New York, United States",40.73324595,-73.95447601633802
Brooklyn Bridge,Tillary St Brooklyn,11201,"Tillary Street, 11201-1832, New York, New York, United States",40.6961039,-73.9884908
Brooklyn Heights Promenade,Brooklyn-Queens Expressway Brooklyn ,11201,"Manhattan Bridge, Brooklyn-Queens Expressway, 11201-1832, Brooklyn-Queens Expressway, New York, New York, United States",40.7069799,-73.99046625873834
Brooklyn Historical Society,128 Pierrepont Street Brooklyn,11201,"Center for Brooklyn History, 128, Pierrepont Street, 11201, Pierrepont Street, New York, NY, United States",40.69475685,-73.99242965104258
Brooklyn Nets,"The Barclays Center, 620 Atlantic Avenue Brooklyn",11217,"Barclays Center, 620, Atlantic Avenue, 11217, Atlantic Avenue, Brooklyn, NY, United States",40.6826108,-73.97527899757287
Brooklyn Public Library,Grand Army Plaza Flatbush Ave Brooklyn,11238,"Grand Army Plaza, Flatbush Avenue, 11217, Flatbush Avenue, New York, New York, United States",40.6762012,-73.9716715
Calvary Cemetery,49-02 Laurel Hill Boulevard Queens,11377,"49-02, Laurel Hill Boulevard, 11377, Laurel Hill Boulevard, New York, New York, United States",40.7351271,-73.9174263859443
Cathedral Church of St. John the Divine,1047 Amsterdam Avenue Manhattan,10025,"Cathedral of Saint John the Divine, 1047, Amsterdam Avenue, 10025, Amsterdam Avenue, New York, NY, United States",40.80376595,-73.96178430421567
Chelsea Piers Sports & Entertainment Complex,23rd Street & Hudson River Park Manhattan,10011,"Harrison Street Basketball Court, Hudson River Park Esplanade, 10282, Hudson River Park Esplanade, New York, New York, United States",40.71878325,-74.01294605000001
Chrysler Building,405 Lexington Ave Manhattan,10174,"405, Lexington Avenue, 10017, Lexington Avenue, New York, New York, United States",40.7519148,-73.97553
Circle Line Downtown,Pier 16 S. Street Seaport Manhattan,10038,"South Street Seaport, Pier 16, 10038, Pier 16, New York, New York, United States",40.7057505,-74.0029056
City Hall Park,Broadway and Chambers St Manhattan,10007,"Chambers Street, West Broadway, 10012, West Broadway, New York, New York, United States",40.7155081,-74.0092451
Clove Lakes Park,1150 Clove Road Staten Island,10301,"Clove Road, 10305, New York, New York, United States",40.635252,-74.12632
Coney Island Brewing Company,1904 Surf Avenue Brooklyn,11224,"New York Aquarium, Surf Avenue, 11224, Surf Avenue, Brooklyn, NY, United States",40.57433585,-73.97523718007122
Coney Island Circus Sideshow,Surf Avenue Brooklyn,11224,"New York Aquarium, Surf Avenue, 11224, Surf Avenue, Brooklyn, NY, United States",40.57433585,-73.97523718007122
Delacorte Theate,Mid-park 80th St Manhattan,10024,"Park Avenue, 10037, New York, New York, United States",40.7464432,-73.9817192
Ellis Island,New York Harbor Manhattan,10004,"New York Harbor School, Short Avenue, 10004, Short Avenue, New York, New York, United States",40.69075805,-74.02038028437758
Ellis Island National Museum of Immigration,"Ellis Island, New York Harbor Manhattan",10004,"Statue of Liberty & Ellis Island Tickets, FDR Drive, 10004, FDR Drive, New York, New York, United States",40.7035128,-74.016917
Ellis Island/American Family Immigration History Center,"Ellis Island, New York Harbor Manhattan",10004,"Statue of Liberty & Ellis Island Tickets, FDR Drive, 10004, FDR Drive, New York, New York, United States",40.7035128,-74.016917
Empire State Building Experience,350 Fifth Avenue Manhattan,10118,"Empire State Building, 350, 5th Avenue, 10018, 5th Avenue, New York City, NY, United States",40.748428399999995,-73.98565461987332
FDNY Fire Zone,34  51st Street Manhattan,10020,"34, East 51st Street, 10022, East 51st Street, New York, New York, United States",40.75794465,-73.97443079808477
Flatiron Building,175 5th Ave Manhattan,10010,"Flatiron Building, 175, 5th Avenue, 10010, 5th Avenue, New York, New York, United States",40.741059199999995,-73.98964162240998
Governors Island,Governors Island New York,10004,"Governors Island Ferry, Brooklyn Bridge Park Greenway, 11201, Brooklyn Bridge Park Greenway, New York, New York, United States",40.69231605,-74.0020373562073
Green-Wood Cemetery,500 25th Street Brooklyn,11232,"500, 25th Street, 11232, 25th Street, New York, New York, United States",40.65808965,-73.99484113044554
Greenbelt Nature Center,700 Rockland Ave Staten Island,10314,"700, Rockland Avenue, 10314, Rockland Avenue, New York, New York, United States",40.588379149999994,-74.13912763726577
Gulliver's Gate,216  44th Street Manhattan,10036,"Gulliver’s Gate, 216, West 44th Street, 10036, West 44th Street, New York, New York, United States",40.7576182,-73.9871405
Hell Gate Bridge,Hell gate bridge Manhattan,11105,"Hell Gate Bridge, Wards Island Greenway, 10029-6408, Wards Island Greenway, New York, New York, United States",40.7825531,-73.92200891477154
Hershey's Chocolate World Times Square,1593 Broadway Manhattan,10019,"Hershey's, 1593, Broadway, 10019, Broadway, New York, NY, United States",40.760304,-73.9849695
Historic Richmond Town,441 Clarke Avenue Staten Island,10306,"441, Clarke Avenue, 10306, Clarke Avenue, New York, New York, United States",40.5711826,-74.145879
Holographic Studios,240 E. 26th Street New York,10010,"240, 26th Street, 11232, 26th Street, New York, New York, United States",40.658790749999994,-73.99701296029015
Hunters Point Community Library,47 Center Boulevard Queens,11101,"47-40, Center Boulevard, 11101, Center Boulevard, Long Island City, NY, United States",40.745277,-73.95803385052781
Irish Hunger Memorial,290 Vesey St Manhattan,10281,"200 Vesey Street, West Street, 10281, West Street, New York, New York, United States",40.71364135,-74.01482043211588
James A. Farley Post Office,421 Eighth Avenue Manhattan,10001,"111 Eighth Avenue, West 16th Street, 10011, West 16th Street, New York, NY, United States",40.7413853,-74.0032719036205
Jane's Carousel,Dock Street Brooklyn,11201,"New Dock Street, 11201-1832, New York, New York, United States",40.7036969,-73.9932565
Jeffrey's Hook Lighthouse,Fort shington Park Manhattan ,10033,"Fort Jay, Quadrangle Rd, 10004, Quadrangle Rd, New York, New York, United States",40.69143285,-74.01597986947485
Luna Park at Coney Island,1000 Surf Avenue Brooklyn,11224,"Jones Walk Games, 1000, Surf Avenue, 11224, Surf Avenue, Brooklyn, NY, United States",40.575219149999995,-73.9786476260081
Macy's Herald Square,151  34th Street Manhattan,10001,"Macy's, 151, West 34th Street, 10001, West 34th Street, New York, NY, United States",40.7509149,-73.98933148593517
Madison Square Garden,2 Penn Plaza Manhattan,10121,"Two Penn Plaza, 2, Penn Plaza, 10121, Penn Plaza, New York, New York, United States",40.7499284,-73.9922321185069
Mahayana Buddhist Temple,133 Canal St Manhattan,10002,"Mahayana Buddhist Temple, 133, Canal Street, 10002, Canal Street, New York, New York, United States",40.71614,-73.9953678
Museum at Eldridge Street Synagogue,12 Eldridge Street Manhattan,10002,"Museum at Eldridge Street, 12, Eldridge Street, 10002, Eldridge Street, New York, New York, United States",40.71472915,-73.99346099360993
Museum Mile,Fifth Avenue Manhattan,10128,"Fifth Avenue Deli - Mart, 5th Avenue, 10035, 5th Avenue, New York, New York, United States",40.7974617,-73.949039
Museum of American Finance,48 ll Street Manhattan,10005,"Museum of American Finance, 48, Wall Street, 10005, Wall Street, New York, New York, United States",40.7063713,-74.0091958
National Geographic Encounter: Ocean Odyssey,226  44th Street Manhattan,10036,"National Geographic Encounter - Ocean Odyssey, 226, West 44th Street, 10036, West 44th Street, New York, New York, United States",40.7577432,-73.9872654
New York Botanical Garden,2900 Southern Boulevard Bronx,10458,"Drinking water, 2900, Southern Boulevard, 10458, Southern Boulevard, New York, New York, United States",40.862227,-73.8799933
New York City FC,"Yankee Stadium, 1 E. 161st Street Bronx",10451,"Yankee Stadium, 1, East 161st Street, 10451, East 161st Street, Bronx, New York, United States",40.82958275,-73.92652118491901
New York Hall of Science,47-01 111th Street Queens,11368,"New York Hall of Science, 47-01, 111th Street, 11368, 111th Street, New York, New York, United States",40.74737695,-73.85161362758285
"New York Public Library, Stephen A. Schwarzman Building",Fifth Avenue & 42nd Street Manhattan,10018,"42nd Street–Times Square, 7th Avenue, 10019, 7th Avenue, New York, New York, United States",40.7545994,-73.9880388
New York Transit Museum,99 Schermerhorn Street Brooklyn,11201,"New York Transit Museum, 99, Schermerhorn Street, 11201, Schermerhorn Street, New York, New York, United States",40.6905176,-73.9899802
New York Wheel,"7 Penn Plaza, ste. 1705 New York",10001,"7, Penn Plaza, 10001, Penn Plaza, New York, New York, United States",40.7491255,-73.9923567
New York Yankees,"Yankee Stadium, 1 E. 161st Street Bronx",10451,"Yankee Stadium, 1, East 161st Street, 10451, East 161st Street, Bronx, New York, United States",40.82958275,-73.92652118491901
Official NYC Information Center at Macy's Herald Square,151  34th Street Manhattan,10011,"Macy's, 151, West 34th Street, 10001, West 34th Street, New York, NY, United States",40.7509149,-73.98933148593517
Old Stone House,336 3rd Street Brooklyn,11215,"Old Stone House, 336, 3rd Street, 11215, 3rd Street, New York, New York, United States",40.6730096,-73.9846021327146
Paradise Theater,2403 Grand Concourse Bronx,10468,"2403, Grand Concourse, 10468, Grand Concourse, New York, New York, United States",40.8603139,-73.8986681
Plymouth Church of the Pilgrims,75 Hicks St Brooklyn,11201,"Plymouth Church House, 75, Hicks Street, 11201, Hicks Street, New York, New York, United States",40.6993187,-73.99372755225009
Poe Park,Grand Concourse and East 192nd Street Bronx,10458,"Grand Concourse & East 192nd Street, Grand Concourse, 10468, Grand Concourse, New York, New York, United States",40.8640653,-73.8962198
Prospect Park,95 Prospect Park st Brooklyn ,11215,"Litchfield Villa, 95, Prospect Park West, 11215, Prospect Park West, Brooklyn, NY, United States",40.6668931,-73.97377312662907
Prospect Park Audubon Center,Prospect Park Brooklyn,11225,"Prospect Avenue, Prospect Expressway, 11215, Prospect Expressway, New York, New York, United States",40.665414,-73.992872
Prospect Park Litchfield Villa,95 Prospect Park st Brooklyn,11215,"Litchfield Villa, 95, Prospect Park West, 11215, Prospect Park West, Brooklyn, NY, United States",40.6668931,-73.97377312662907
Prospect Park Zoo,450 Flatbush Avenue Brooklyn,11225,"Prospect Park Zoo, 450, Flatbush Avenue, 11225, Flatbush Avenue, Brooklyn, New York, United States",40.665298050000004,-73.96502254000953
Queens Zoo,53-51 111th Street Queens,11368,"53-51, 111th Street, 11368, 111th Street, New York, New York, United States",40.7437868,-73.847985
Queensboro Bridge,"Ed Koch Queensboro Bridge, New York",10044,"Ed Koch Queensboro Bridge Path, 11101, New York, New York, United States",40.7535326,-73.9465492
Radio City Music Hall,1260 Sixth Avenue Manhattan,10020,"14th Street IRT Seventh Avenue Line-BMT Sixth Avenue Line Subway transfer, 10011, New York, New York, United States",40.7383575,-73.9992012
Resorts World Casino New York City,110-00 Rockaway Boulevard Queens,11420,"Aqueduct Mass Vaccination Site, 110-00, Rockaway Boulevard, 11417, Rockaway Boulevard, New York, New York, United States",40.6716947,-73.833756
Ripley's Believe It or Not! Times Square,234  42nd Street Manhattan,10036,"AMC Empire 25, 234, West 42nd Street, 10036, West 42nd Street, New York, New York, United States",40.75668515,-73.98926649582987
Rockefeller Center,45 Rockefeller Plaza Manhattan,10111,"Rockefeller Center, 45, Rockefeller Plaza, 10111, Rockefeller Plaza, New York, NY, United States",40.75925755,-73.97995686116377
Roundabout Theatre Company,"231  39th St., ste. 1200 New York",10018,"1200, 39th Street, 11218, 39th Street, New York, New York, United States",40.64169645,-73.98853406314794
Schomburg Center for Research in Black Culture,515 Malcolm X Boulevard Manhattan,10037,"Central Park North–110th Street, Malcolm X Boulevard, 10037, Malcolm X Boulevard, New York, New York, United States",40.7985081,-73.9524896
SeaGlass Carousel,The Battery Manhattan,10004,"The Continuous Life, Battery Park City Greenway, 10282, Battery Park City Greenway, New York, New York, United States",40.7153548,-74.01707797558308
"Sheep Meadow, Central Park","1802 65th St Transverse, New York",10065,"Central Park Carousel, 65th Street Transverse, 10023-5112, 65th Street Transverse, New York, New York, United States",40.76994265,-73.97524754999999
Sleep No More,530  27th Street Manhattan,10001,"530, West 27th Street, 10001, West 27th Street, New York, New York, United States",40.7507119,-74.0037894
Solomon R. Guggenheim Museum,1071 Fifth Avenue Manhattan,10128,"Guggenheim Museum, 1071, 5th Avenue, 10128, 5th Avenue, New York, NY, United States",40.7829932,-73.95892501810059
Spirit of New York,"Pier 61, Chelsea Piers  23rd Street & 12th Avenue Manhattan",10011,"12th Avenue & West 23rd Street, Chelsea Piers, 100014, Chelsea Piers, New York, New York, United States",40.7488207,-74.008159
St. Patrick’s Old Cathedra,263 Mulberry St Manhattan,10012,"263, Mulberry Street, 10012, Mulberry Street, New York, New York, United States",40.7238118,-73.99566484674867
St. Paul's Chapel,209 Broadway Manhattan,10007,"Saint Paul's Chapel, 209, Broadway, 10007, Broadway, New York, NY, United States",40.71130245,-74.00918293227645
Staten Island Borough Hall,10 Richmond Terrace Staten Island,10301,"Wagner College, Sunnyside Terrace, 10301, Sunnyside Terrace, New York, New York, United States",40.61517525,-74.09375389883641
Staten Island Ferry,"Street George Terminal, 1 Bay Street Staten Island",10301,"Postcards, Bank Street, 10301, Bank Street, New York, New York, United States",40.6467854,-74.0764928
Staten Island September 11 Memorial,St George Esplanade Staten Island,10301,"St. George, Ramp D, 10301, Ramp D, New York, New York, United States",40.6439626,-74.0734416
Staten Island Yankees,"Richmond County Bank Ballpark, 75 Richmond Terr. Staten Island",10301,"Richmond County Bank Ballpark at Saint George, Richmond Terrace, 10302, Richmond Terrace, New York, New York, United States",40.64544935,-74.07648061643161
Staten Island Zoo,614 Broadway Staten Island,10310,"614, Broadway, 10310, Broadway, New York, New York, United States",40.625252950000004,-74.11516467665984
Statue of Liberty National Monument,"Liberty Island, New York Harbor Manhattan",10004,"Statue of Liberty & Ellis Island Tickets, FDR Drive, 10004, FDR Drive, New York, New York, United States",40.7035128,-74.016917
The Church of St. Luke in the Fields,487 Hudson St Manhattan,10014,"Church of St. Luke in the Fields, 487, Hudson Street, 10014, Hudson Street, New York, New York, United States",40.732415849999995,-74.0070231615842
The Cyclone,834 Surf Ave Brooklyn,11224,"834, Surf Avenue, 11224, Surf Avenue, New York, New York, United States",40.5750085,-73.97765567028337
The Frick Collection,1 E. 70th Street Manhattan,10021,"Frick Collection, 1, East 70th Street, 10021, East 70th Street, New York, NY, United States",40.77125355,-73.96709612136229
The High Line,Gansevoort Street to st 30th Street Manhattan,10011,"Kips Bay Tower South, East 30th Street, 10016, East 30th Street, New York, New York, United States",40.7420874,-73.97583234527679
The Met Breuer,945 Madison Avenue Manhattan,10021,"The Met Breuer, 945, Madison Avenue, 10037, Madison Avenue, New York, New York, United States",40.7734687,-73.9639632
The Met Fifth Avenue,Fifth Avenue 82nd Street Manhattan,10028,"3rd Avenue & East 82nd Street, 3rd Avenue, 10035, 3rd Avenue, New York, New York, United States",40.7765022,-73.9555074
The Museum of Modern Art (MoMA),11  53rd Street Manhattan,10019,"MoMA, 11, West 53rd Street, 10019, West 53rd Street, New York, NY, United States",40.761612400000004,-73.97749918210806
The New York Pass,"36  44th St., ste. 1407 New York",10036,"50-36, 44th Street, 11377, 44th Street, New York, New York, United States",40.73668275,-73.92212549999999
The New-York Historical Society,"170 Central Park st Manhattan, ",10024,"New-York Historical Society, 170, Central Park West, 10024, Central Park West, New York, NY, United States",40.7792489,-73.97430375753298
The PIT,123 E 24th St Manhattan,10010,"The Pit, 123, East 24th Street, 10010, East 24th Street, New York, New York, United States",40.7405356,-73.9848055
The Plaza Hotel,Fifth Avenue Central Park South Manhattan,10019,"Central Park South/Avenue of the Americas, Central Park South, 10019, Central Park South, New York, New York, United States",40.7656649,-73.9764865
The Rink at Rockefeller Center,One Rockefeller Plaza Manhattan,10020,"One Liberty Plaza, Cortlandt Street, 10007, Cortlandt Street, New York, New York, United States",40.7097318,-74.01085924858694
The Riverside Church New York City,490 Riverside Dr. Manhattan,10027,"490, Riverside Drive, 10027, Riverside Drive, New York, New York, United States",40.81206725,-73.96301342280043
The Tenement Museum,103 Orchard Street Manhattan,10002,"Lower East Side Tenement Museum, 103, Orchard Street, 10002, Orchard Street, New York, NY, United States",40.7187837,-73.9900266
The Tour at NBC Studios,30 Rockefeller Plaza Manhattan,10112,"30 Rockefeller Plaza, 30, Rockefeller Plaza, 10020, Rockefeller Plaza, New York, NY, United States",40.759123200000005,-73.97955598843194
The Town Hall,123  43rd Street Manhattan,10036,"The Town Hall, 123, West 43rd Street, 10036, West 43rd Street, New York, NY, United States",40.7560233,-73.9845629
Theodore Roosevelt Birthplace,28 E. 20th Street Manhattan,10003,"28, East 20th Street, 10003, East 20th Street, New York, New York, United States",40.73864015,-73.98903731565747
Times Square,Broadway Manhattan,10036,"Woolworth Building, Broadway, 10003, Broadway, New York, New York, United States",40.71245515,-74.00813517058265
Top of the Rock Observation Deck,30 Rockefeller Plaza Manhattan,10112,"30 Rockefeller Plaza, 30, Rockefeller Plaza, 10020, Rockefeller Plaza, New York, NY, United States",40.759123200000005,-73.97955598843194
Turtle Pond,New York,10024,"New York, New York, United States",40.7127281,-74.0060152
Underpenny Plane and Cast Iron Museum,10-13 50th Avenue Queens,11101,"10-13, 50th Avenue, 11101, 50th Avenue, Long Island City, NY, United States",40.74275245,-73.95339002552215
United Nations,First Avenue 46th Street Manhattan,10017,"5th Avenue & 46th Street, West 46th Street, 10036, West 46th Street, New York, New York, United States",40.7561915,-73.9790726
United Palace House of Inspiration,4140 Broadway Manhattan,10033,"4140, Broadway, 10033, Broadway, New York, New York, United States",40.846348,-73.9382109
USTA Billie Jean King National Tennis Center,Flushing Meadows Corona Park Queens,11368,"Flushing Meadows-Corona Park, United States",40.74044595,-73.84281078605395
Van Cortlandt House Museum,"Van Cortlandt Park, Broadway @ 246th Street Bronx",10471,"Van Cortlandt Park–242nd Street, Broadway, 10471, Broadway, New York, New York, United States",40.8894635,-73.898489
Verrazano-Narrows Bridge,"Verrazano-Narrows Bridge, Staten Island",11209,"Verrazzano-Narrows Bridge, Gowanus Expressway, 11252, Gowanus Expressway, New York, New York, United States",40.606336,-74.04544328545887
VR World NYC,4 E. 34 Street Manhattan,10022,"34th Street–Hudson Yards, 34 Street - Hudson Yards entrance, 10199, 34 Street - Hudson Yards entrance, New York, New York, United States",40.7561925,-74.0016694
Wall Street,ll Street Manhattan,10006,"Wall Street, 10005, New York, New York, United States",40.7077234,-74.0116244
Waterfront at Brookfield Place,230 Vesey Street Manhattan,10281,"The Rink at Brookfield Place with Gregory & Petukhov, 230, Vesey Street, 10281, Vesey Street, New York, NY, United States",40.7123174,-74.0156188
Wave Hill,675  252nd Street Bronx,10471,"West 252nd Street, 10471, New York, New York, United States",40.8997,-73.9093455
Wildlife Conservation Society,2300 Southern Boulevard Bronx,10460,"New York Botanical Garden, Southern Boulevard, 10458, Southern Boulevard, New York, New York, United States",40.862243050000004,-73.87715409529777
Williamsburg Bridge,"lliamsburg, New York",11104,"New York, New York, United States",40.7127281,-74.0060152
World Trade Center Transportation Hub,New York,10007,"New York, New York, United States",40.7127281,-74.0060152
Wyckoff Farmhouse Museum,5816 Clarendon Road Brooklyn,11203,"Wyckoff House Museum, 5816, Clarendon Road, 11203, Clarendon Road, New York, New York, United States",40.6443616,-73.9208761
African Burial Ground National Monument,290 Broadway Manhattan,10007,"Ted Weiss Federal Building, 290, Broadway, 10007, Broadway, New York, NY, United States",40.71472335,-74.00514184544107
Conservatory Garden,Fifth Ave and 105th St Manhattan,10029,"Church of the Guardian Angel, 10th Avenue, 10019, 10th Avenue, New York, New York, United States",40.746674,-74.00532279715645
Mount Vernon Hotel Museum & Garden,421 E. 61st Street Manhattan,10065,"Mount Vernon Hotel Museum, 421, East 61st Street, 10065, East 61st Street, New York, NY, United States",40.7605217,-73.9597128
St. George Theatre,35 Hyatt Street Staten Island,10301,"35, Hyatt Street, 10301, Hyatt Street, New York, New York, United States",40.6419443,-74.0774099
Explorer Pass,151 34th Street New York,10001,"Macy's, 151, West 34th Street, 10001, West 34th Street, New York, NY, United States",40.7509149,-73.98933148593517
Friedsam Memorial Carousel,Mid-park 64th St Manhattan,10023,"Park Avenue, 10037, New York, New York, United States",40.7464432,-73.9817192
Japan Society,333 E. 47th Street Manhattan,10017,"Japan Society, 333, East 47th Street, 10017, East 47th Street, New York, NY, United States",40.75255685,-73.96824606134496
FDNY Fire Zone Rockefeller Center ,34 st 51st Street New York,10020,"34, East 51st Street, 10022, East 51st Street, New York, New York, United States",40.75794465,-73.97443079808477
Snug Harbor Cultural Center & Botanical Garden,1000 Richmond Terr. Staten Island,10301,"1000U, Richmond Terrace, 10301, Richmond Terrace, New York, New York, United States",40.6434136,-74.0999742
Voilà Chocolat,221  79th Street Manhattan,10024,"221, West 79th Street, 10024, West 79th Street, New York, NY, United States",40.7837333,-73.9791718
Asser Levy/Seaside Park,5th St Brooklyn,11224,"Williamsburg Bridge, South 5th Street, 11211, South 5th Street, New York, New York, United States",40.71358065,-73.97213629090965
Woolworth Building,233 Broadway New York,10007,"233, Broadway, 10007, Broadway, New York, New York, United States",40.7124684,-74.0079294
Brookfield Place,230 Vesey Street Manhattan,10281,"The Rink at Brookfield Place with Gregory & Petukhov, 230, Vesey Street, 10281, Vesey Street, New York, NY, United States",40.7123174,-74.0156188
Fort Wadsworth,210 New York Avenue Staten Island,10305,"210, Westervelt Avenue, 10301, Westervelt Avenue, New York, New York, United States",40.64281015,-74.08393208899989
Bethesda Terrace/Fountain,Mid-park 72nd Street New York,10021,"Millennium Point, Little West Street, 10280, Little West Street, New York, New York, United States",40.705715600000005,-74.01747509440014
George Washington Bridge,George shington Bridge Manhattan,07024,"George Washington Bridge Bus Station, Fort Washington Avenue, 10040, Fort Washington Avenue, New York, New York, United States",40.84886275,-73.9384167021062
The Public Theate,425 Lafayette Street Manhattan,10003,"Public Theater, 425, Lafayette Street, 10003, Lafayette Street, New York, New York, United States",40.728929050000005,-73.99180466093696
Washington Street between Front and Water Streets,Brooklyn,11205,"DUMBO, 11201-1832, New York, New York, United States",40.7029052,-73.9901167
Brooklyn Bridge Park,334 Furman Street Brooklyn,11201,"Montague Street Tunnel, Furman Street, 11201, Furman Street, New York, New York, United States",40.6969455,-74.0014894
Tompkins Square Park,E 10th Street New York,10009,"4th Avenue, 10th Street, 11215, 10th Street, New York, New York, United States",40.670272,-73.989779
Lincoln Center for the Performing Arts,70 Lincoln Center Plaza Manhattan,10023,"70, Lincoln Center Plaza, 10023, Lincoln Center Plaza, New York, New York, United States",40.7740713,-73.9843705
Belvedere Castle,"Central Park, midpark 79th St Manhattan",10021,"Central Park West & West 79th Street, Central Park West, 10024, Central Park West, New York, New York, United States",40.7808732,-73.9728297
Morris-Jumel Mansion,65 Jumel Terr. Manhattan,10032,"Morris - Jumel Mansion, Jumel Terrace, 10032, Jumel Terrace, New York, NY, United States",40.8344403,-73.9386957
Madame Tussauds New York,234  42nd Street Manhattan,10036,"AMC Empire 25, 234, West 42nd Street, 10036, West 42nd Street, New York, New York, United States",40.75668515,-73.98926649582987
Whitney Museum of American Art,99 Gansevoort Street Manhattan,10014,"Whitney Museum of American Art, 99, Gansevoort Street, 10014, Gansevoort Street, New York, New York, United States",40.73964505,-74.00892095028976
United Palace Theatre,4140 Broadway Manhattan,10033,"4140, Broadway, 10033, Broadway, New York, New York, United States",40.846348,-73.9382109
Bank of America Winter Village at Bryant Park,"Bryant Park, 42nd Street and 6th Avenue Manhattan",10018,"42nd Street–Bryant Park, 6th Avenue, 10019, 6th Avenue, New York, New York, United States",40.754222,-73.9845689
New York City Ballet,"David H. Koch Theater, 20 Lincoln Center Plaza Manhattan",10023,"David H. Koch Theater, 20, Lincoln Center Plaza, 10023, Lincoln Center Plaza, New York, NY, United States",40.771773350000004,-73.98378112246178
Museum of Sex,233 Fifth Avenue Manhattan,10016,"Consulate General of Poland, 233, Madison Avenue, 10016, Madison Avenue, New York, New York, United States",40.74968685,-73.98124167388889
Coney Island,Surf Avenue Brooklyn,11224,"New York Aquarium, Surf Avenue, 11224, Surf Avenue, Brooklyn, NY, United States",40.57433585,-73.97523718007122
Unbreakable Kimmy Schmidt Apartment,74 Freeman Street Brooklyn,11222,"74, Freeman Street, 11222, Freeman Street, New York, New York, United States",40.733945750000004,-73.95897100504868
Queens Botanical Garden,43-50 Main Street Queens,11355,"Visitor & Administration Building, 43-50, Main Street, 11355, Main Street, New York, New York, United States",40.751095899999996,-73.8276771635312
Prospect Park Bandshell,Prospect Park st Brooklyn,11217,"Prospect Avenue, Prospect Expressway, 11215, Prospect Expressway, New York, New York, United States",40.665414,-73.992872
IFC Center,323 Sixth Avenue New York,10014,"IFC Center, 323, 6th Avenue, 10014, 6th Avenue, New York, New York, United States",40.731224299999994,-74.00166540166389
Andrew Heiskell Braille and Talking Book Library,40 20th St # 1 New York,10011,"40, East 20th Street, 10003, East 20th Street, New York, New York, United States",40.73846655,-73.98859786268983
Brooklyn Borough Hall,209 Joralemon St Brooklyn,11209,"209, Joralemon Street, 11201, Joralemon Street, New York, New York, United States",40.6926337,-73.9905375
New York Aquarium,602 Surf Avenue Brooklyn,11224,"New York Aquarium, Surf Avenue, 11224, Surf Avenue, Brooklyn, NY, United States",40.57433585,-73.97523718007122
Yankee Stadium,1 E. 161st Street Bronx,10451,"Yankee Stadium, 1, East 161st Street, 10451, East 161st Street, Bronx, New York, United States",40.82958275,-73.92652118491901
One World Trade Center,1 rld Trade Center Manhattan,10007,"World Trade Center Transportation Hub - Oculus, Fulton Street, 10048, Fulton Street, New York, New York, United States",40.71152465,-74.01137757076003
9/11 Memorial Museum Store,20 Vesey Street Manhattan,10007,"200 Vesey Street, West Street, 10281, West Street, New York, New York, United States",40.71364135,-74.01482043211588
New York Philharmonic,"David Geffen Hall (formerly Avery Fisher), 10 Lincoln Center Plaza Manhattan",10023,"David Geffen Hall, 10, Lincoln Center Plaza, 10023, Lincoln Center Plaza, New York, NY, United States",40.77281205,-73.9830224098129
Gracie Mansion,East End Ave Manhattan,10128,"East End Avenue, 10128, New York, New York, United States",40.7704961,-73.9480136
Trinity Wall Street,Broadway ll Street Manhattan,10006,"Fulton Street, Broadway, 10003, Broadway, New York, New York, United States",40.7103638,-74.0095697
Bronx Zoo Treetop Adventure,Bronx,10460,"The Bronx, New York, New York, United States",40.8466508,-73.8785937
West 4th Street Courts,Sixth Avenue Manhattan,10011,"14th Street IRT Seventh Avenue Line-BMT Sixth Avenue Line Subway transfer, 10011, New York, New York, United States",40.7383575,-73.9992012
Staten Island Yankees,"Richmond County Bank Ballpark, 75 Richmond Terr. Staten Island",10301,"Richmond County Bank Ballpark at Saint George, Richmond Terrace, 10302, Richmond Terrace, New York, New York, United States",40.64544935,-74.07648061643161
Museum of American Finance,48 ll Street Manhattan,10005,"Museum of American Finance, 48, Wall Street, 10005, Wall Street, New York, New York, United States",40.7063713,-74.0091958
New York Stock Exchange,11 ll Street Manhattan,10005,"9/11 Memorial & Museum, Greenwich Street, 10048, Greenwich Street, New York, New York, United States",40.71143635,-74.01263744303293
Hook & Ladder Company 8,14 N. Moore Street Manhattan,10013,"FDNY Ladder 8, 14, North Moore Street, 10013, North Moore Street, New York, New York, United States",40.719553149999996,-74.00661296923407
Grand Masonic Lodge of New York,71  23rd Street Manhattan,10010,"71, West 23rd Street, 10010, West 23rd Street, New York, New York, United States",40.7428699,-73.992333
St. Mark’s Place,"113 St Marks Pl, New York City",10009,"Saint Marks Place, 11217, New York, New York, United States",40.6818357,-73.979975
Gray Line CitySightseeing New York Bus Tours,777 Eighth Avenue Manhattan,10036,"111 Eighth Avenue, West 16th Street, 10011, West 16th Street, New York, NY, United States",40.7413853,-74.0032719036205
Abracadabra Superstore,19 21st St Manhattan ,10010,"Spero Building, 19, West 21st Street, 10010, West 21st Street, New York, NY, United States",40.7410199,-73.99176740855263
Brooklyn Brewery,79 N. 11th Street Brooklyn,11211,"Brooklyn Brewery, 79, North 11th Street, 11249, North 11th Street, Brooklyn, New York, United States",40.7214424,-73.9573563
Kingsland Homestead,143-35 37th Avenue Queens,11354,"Kingsland Homestead, 143-35, 37th Avenue, 11354, 37th Avenue, New York, New York, United States",40.7636215,-73.82414621857231
French Institute Alliance Française,22 E. 60th Street Manhattan,10022,"22, East 60th Street, 10022, East 60th Street, New York, New York, United States",40.7638258,-73.970561416898
Saint Augustine's Episcopal Church,290 Henry St Manhattan,10002,"St. Augustine's Church, 290, Henry Street, 10002, Henry Street, New York, New York, United States",40.713810699999996,-73.98319130137347
Casa Belvedere,79 Howard Avenue Staten Island,10301,"79, Howard Avenue, 10304, Howard Avenue, New York, New York, United States",40.628489450000004,-74.08811283093601
Merchant's House Museum,29 E. 4th Street Manhattan,10003,"Merchant's House Museum, 29, East 4th Street, 10003, East 4th Street, New York, New York, United States",40.7276594,-73.99234229217802
Kissena Park,164th St and Oak Ave Queens,11358,"164th Street & Oak Avenue, 164th Street, 11358:11432, 164th Street, New York, New York, United States",40.7494783,-73.8029739
Alley Pond Park,22806 Northern Boulevard Alley Pond Environmental Center Queens,11363,"Northern Boulevard & Alley Pond Environmental Center, Northern Boulevard, 11362, Northern Boulevard, New York, New York, United States",40.7630317,-73.7529736
Emmanuel Baptist Church,279 Lafayette Ave Brooklyn,11238,"Emmanuel Baptist Church, 279, Lafayette Avenue, 11205, Lafayette Avenue, New York, New York, United States",40.6885587,-73.96530229258659
St. Ann & The Holy Trinity Church,157 Montague St Brooklyn,11201,"Montague Street Tunnel, Montague Street, 11201, Montague Street, New York, New York, United States",40.6968727,-74.0015395
Hoodwinked Escape,151  116th Street Manhattan,10026,"Domino's, 151, East 116th Street, 10029, East 116th Street, New York, New York, United States",40.7986136,-73.9412
Flatbush Dutch Reformed Church,890 Flatbush Ave Brooklyn,11226,"Flatbush Dutch Reformed Church, 890, Flatbush Avenue, 11226, Flatbush Avenue, New York, New York, United States",40.6501292,-73.95899448370108
Staten Island Supreme Courthouse,18 Richmond Terrace Staten Island,10301,"Staten Island Supreme Courthouse, 18, Richmond Terrace, 10301, Richmond Terrace, New York, New York, United States",40.642963949999995,-74.07671385014594
Adam Yauch Park,Atlantic Avenue Columbia Place Brooklyn,11201,"Brooklyn Bridge Park Pier 6/Atlantic Avenue, Brooklyn Bridge Park Greenway, 11201, Brooklyn Bridge Park Greenway, New York, New York, United States",40.6924305,-74.0020061
Islamic Cultural Center of New York,1711 3rd Avenue New York,10029,"Islamic Cultural Center of New York, 1711, 3rd Avenue, 10029, 3rd Avenue, New York, New York, United States",40.78546035,-73.94857142084439
Roosevelt House Public Policy Institute at Hunter College,47-49 E. 65th Street Manhattan,10065,"47, East 49th Street, 10022, East 49th Street, New York, New York, United States",40.7567714,-73.9746928
Old Quaker Meeting House,137-16 Northern Boulevard Queens,11354,"Flushing Quaker Meeting House, 137-16, Northern Boulevard, 11354, Northern Boulevard, Flushing, NY, United States",40.7630044,-73.83033519650238
Weeksville Heritage Center,158 Buffalo Ave Brooklyn,11213,"Weeksville Heritage Center, 158, Buffalo Avenue, 11233, Buffalo Avenue, Brooklyn, NY, United States",40.6742273,-73.92523350052946
The Sightseeing Pass,777 Eighth Avenue Manhattan,10036,"111 Eighth Avenue, West 16th Street, 10011, West 16th Street, New York, NY, United States",40.7413853,-74.0032719036205
Hudson Yards New York,New York,10001,"New York, New York, United States",40.7127281,-74.0060152
General Grant National Memorial,Riverside Dr and 122nd St Manhattan,10027,"Soldiers' and Sailors' Monument, Riverside Drive, 10024, Riverside Drive, New York, New York, United States",40.792091049999996,-73.97892752347826
"Pier 25, Hudson River Park",225 st Street Manhattan,10013,"225 Liberty Street, 225, Liberty Street, 10281, Liberty Street, New York, NY, United States",40.712272049999996,-74.01543606304264
55 Central Park West,55 Central Park st New York,10023,"55, Central Park West, 10023, Central Park West, New York, NY, United States",40.77230885,-73.97909828720665
Sakura Park,122nd St and Riverside Dr Manhattan,10027,"Soldiers' and Sailors' Monument, Riverside Drive, 10024, Riverside Drive, New York, New York, United States",40.792091049999996,-73.97892752347826
LIC Flea & Food,5-25 46th Avenue Queens,11101,"5-25, 46th Avenue, 11101, 46th Avenue, Long Island City, NY, United States",40.74755035,-73.95408587539396
Grant's Tomb,Riverside Drive and st 122nd Street Manhattan,10027,"Riverside Drive & West 122nd Street, Riverside Drive, 10115, Riverside Drive, New York, New York, United States",40.812895,-73.9627159
Gravesend Cemetery,Ave V and Van Sicklen St Brooklyn,11223,"Van Siclen Avenue, Van Siclen Avenue, 11239, Van Siclen Avenue, New York, New York, United States",40.6780372,-73.8916769
Piers 92/94 New York,711 Twelfth Avenue Manhattan,10019,"McKinsey & Company - Service Center, 711, 3rd Avenue, 10017, 3rd Avenue, New York, NY, United States",40.7522951,-73.9729342
New York Marble Cemetery,41 1/2 Second Ave Manhattan,10003,"41, Greenwich Avenue, 10014, Greenwich Avenue, New York, New York, United States",40.7354055,-74.00070094023191
New York City AIDS Memorial,200-218 st 12th Street New York,10011,"218, East 12th Street, 10003, East 12th Street, New York, New York, United States",40.7313811,-73.98726081421262
Peter Jay Sharp Theater at Julliard,155  65th Street Manhattan,10023,"155, West 65th Street, 10023, West 65th Street, New York, New York, United States",40.7736162,-73.9832996
Chester A. Arthur House,123 Lexington Avenue Manhattan,10016,"123, Lexington Avenue, 10016, Lexington Avenue, New York, New York, United States",40.7427587,-73.98210246847725
Chateau Stables,608  48th Street New York,10036,"608, 48th Street, 11220, 48th Street, New York, New York, United States",40.644547349999996,-74.0067140330473
LIC Beer Project,39-28 23rd Street ,11101,"LIC Beer Project, 39-28, 23rd Street, 11101, 23rd Street, New York, New York, United States",40.7548039,-73.9392521
Christie’s Auction House,20 Rockefeller Plaza New York,10020,"20, Rockefeller Plaza, 10020, Rockefeller Plaza, New York, New York, United States",40.7583119,-73.9791393
Lasker Rink,830 5th Avenue New York,10065,"The Arsenal, 830, 5th Avenue, 10035, 5th Avenue, New York, NY, United States",40.767633149999995,-73.9713058076675
Marble Collegiate Church,1  29th Street Manhattan,10001,"Gilsey House, West 29th Street, 10001, West 29th Street, New York, New York, United States",40.74607315,-73.98813294308914
Riverdale Park,st 254 Street Bronx,10463,"West 254th Street, 10471, New York, New York, United States",40.9038917,-73.9142817
Brooklyn Army Terminal,140 58th Street Brooklyn,11220,"140, 58th Street, 11220, 58th Street, New York, New York, United States",40.644524200000006,-74.02253235107794
City Ice Pavilion,47-32 32nd Place Queens,11101,"47-56, 32nd Place, 11101, 32nd Place, New York, New York, United States",40.7414539,-73.9334048
Floyd Bennett Field,50 Aviation Road Brooklyn,11234,"Aviation Road, 11697, New York, New York, United States",40.5817976,-73.8914296
69th Regiment Armory,68 Lexington Ave Manhattan,10010,"69th Regiment Armory, 68, Lexington Avenue, 10010, Lexington Avenue, New York, New York, United States",40.74133785,-73.98423151235329
Federal Hall National Memorial,26 ll St Manhattan,10005,"Matchless Gifts Hare Krishna Temple, 26, 2nd Avenue, 10003, 2nd Avenue, New York, New York, United States",40.7244764,-73.9904429
Scandinavia House: The Nordic Center in America,58 Park Avenue Manhattan,10016,"Scandinavia House, 58, Park Avenue, 10016, Park Avenue, New York, New York, United States",40.7494722,-73.9800545387227
NYRR RunCenter Featuring the New Balance Run Hub,320  57th Street Manhattan,10019,"320, East 57th Street, 10022, East 57th Street, New York, New York, United States",40.75878325,-73.96473276119875
Bowling Green Park,Broadway and itehall St Manhattan,10004,"Broadway and Exchange Alley, Broadway, 10003, Broadway, New York, New York, United States",40.7070773,-74.0121754
New York Public Library for the Performing Arts,40 Lincoln Center Plaza Manhattan,10023,"New York Public Library for the Performing Arts, 40, Lincoln Center Plaza, 10023, Lincoln Center Plaza, New York, NY, United States",40.7732287,-73.9847509
The Players Theatre,115 Macdougal Street Manhattan,10012,"Manhattan Detention Complex, 115, White Street, 10013, White Street, New York, NY, United States",40.71651685,-74.00046448149394
Lefferts Historic House,452 Flatbush Avenue Brooklyn,11225,"Lefferts Historic House, 452, Flatbush Avenue, 11215, Flatbush Avenue, Brooklyn, New York, United States",40.664346550000005,-73.96378014953419
Ford Amphitheater at Coney Island Boardwalk,3052  21st Street Brooklyn,11224,"21st Street, 11215; 11232, New York, New York, United States",40.6644365,-73.998433
MetLife Building,200 Park Avenue Manhattan,10166,"MetLife Building, 200, Park Avenue, 10037, Park Avenue, New York, New York, United States",40.75361345,-73.97658004429898
Valentine-Varian House,3266 Bainbridge Avenue Bronx,10458,"Museum of Bronx History, 3266, Bainbridge Avenue, 10467, Bainbridge Avenue, New York, New York, United States",40.87737965,-73.87943145
Bronx Council on the Arts,1738 Hone Avenue Bronx,10461,"1738, Hone Avenue, 10461, Hone Avenue, New York, New York, United States",40.8485669,-73.8543176
NFL Experience Times Square,"20 Times Square, 701 Seventh Avenue Manhattan",10036,"20 Times Square, 701, 7th Avenue, 10036, 7th Avenue, New York, New York, United States",40.75923265,-73.98407726816203
Randall's Island Park,East and Harlem Rivers Manhattan,10035,"Harlem River Drive Northbound Entrance East 139 Street, 10037:10454, New York, New York, United States",40.8148583,-73.9345453
Ed Sullivan Theater,1697 Broadway Manhattan,10019,"1697, Broadway, 10019, Broadway, New York, New York, United States",40.7637878,-73.9828183
Essex Street Market,120 Essex Street Manhattan,10002,"120, Essex Street, 10002, Essex Street, New York, New York, United States",40.7191907,-73.9876377
Riverbank State Park Ice Rink,679 Riverside Dr. Manhattan,10031,"Sofrito, 679, Riverside Drive, 10031, Riverside Drive, New York City, NY, United States",40.827357649999996,-73.95535644746796
American Stock Exchange Building,86 Trinity Place New York,10006,"American Stock Exchange Building, 86, Trinity Place, 10006, Trinity Place, New York, New York, United States",40.7087107,-74.0126127206991
Pier 40,353 st St Manhattan,10014,"353, Broadway, 10013, Broadway, New York, New York, United States",40.71717,-74.0039881
"The Great Hall, Cooper Union",7 East 7th Street Manhattan,10003,"East 7th Street, 10009, New York, New York, United States",40.7290053,-73.9904905
Czech Center New York,321 E 73rd St Manhattan,10021,"Bohemian National Hall, 321, East 73rd Street, 10021, East 73rd Street, New York, NY, United States",40.76908985,-73.95644388707501
The Malcolm X and Dr. Betty Shabazz Memorial & Educational Center,3940 Broadway Manhattan,10032,"Audubon, 3940, Broadway, 10032, Broadway, New York, NY, United States",40.8392565,-73.94061826535263
Electric Lady Studios,52 8th St New York,10011,"52, West 8th Street, 10011, West 8th Street, New York, New York, United States",40.73307615,-73.99893230447233
St. Bartholomew's Church,325 Park Ave Manhattan,10022,"Tribeca Green, 325, North End Avenue, 10282, North End Avenue, New York, New York, United States",40.71687635,-74.01499410852009
Kissena Golf Course,16415 Booth Memorial Ave Queens,11365,"Queens Botanical Gardens, Booth Memorial Avenue, 111354, Booth Memorial Avenue, New York, New York, United States",40.74993845,-73.83007143433531
Riverside Park South,Henry Hudson Parkway  70th Street Manhattan,10023,"West 79th Street Boat Basin, Henry Hudson Parkway, 10069, Henry Hudson Parkway, New York, New York, United States",40.78568805,-73.98599196850014
Poets House,10 River Terr. Manhattan,10282,"River Terrace, 10282, New York, New York, United States",40.7171237,-74.0162221
47th Street - The Diamond District,47th Street between Fifth & Sixth Avenues Manhattan,10036,"Diamond District, West 47th Street, 10036, West 47th Street, New York, New York, United States",40.757242,-73.9801423
Brooklyn Navy Yard,"63 Flushing Avenue bldg 292, unit 300 (main office) Brooklyn",11205,"Brooklyn Navy Yard, 11251, New York, New York, United States",40.6997716,-73.9753359
Carnegie Hall,57th Street and Seventh Avenue Manhattan,10019,"Carnegie Hall, West 57th Street, 10019, West 57th Street, New York, NY, United States",40.765029999999996,-73.97988681588421
Circle Line Sightseeing Cruises,"Pier 83, 42nd Street and Twelfth Avenue Manhattan",10036,"Circle Line, West 42nd Street, 10036, West 42nd Street, New York, NY, United States",40.76276455,-74.00150775515021
City Hall,City Hall  Broadway and Murray Street Manhattan,10007,"City Hall Park, 10000, United States",40.7128893,-74.00584286883986
Douglaston Golf Course,6320 Marathon Pkwy Queens,11363,"Douglaston Golf Course, Grand Central Parkway, 11362, Grand Central Parkway, New York, New York, United States",40.752370299999995,-73.73259509277108
Duffy Square,46th and Broadway  47th and 7th Avenue New York,10036,"Duffy Square, New York, New York, United States",40.75873815,-73.98518242986302
Flushing Meadows Corona Park,111th Street to Van ck Expressway Queens,11375,"Flushing Meadows-Corona Park, United States",40.74044595,-73.84281078605395
Fort Tryon Park,"Between Riverside Drive, Broadway, Dyckman Street and st 192nd Street New York",10040,"Fort Tryon Park, United States",40.86181025,-73.93238720368882
Gramercy Park,E 20th St to E 21st St bet Gramercy Park st and Gramercy Park East Manhattan,10010,"Gramercy Park, United States",40.737939,-73.98592245302302
Grand Army Plaza,Fifth Avenue and 59th Street Manhattan,10019,"Grand Army Plaza, United States",40.7643796,-73.97337386360579
Grand Army Plaza Memorial Arch,Grand Army Plaza Eastern Parkway Brooklyn,11238,"Soldiers' and Sailors' Arch, Grand Army Plaza, 11238, Grand Army Plaza, New York, New York, United States",40.6729883,-73.9699036117991
Jacqueline Kennedy Onassis Reservoir,Bet 86th and 96th Street Manhattan,10024,"Jacqueline Kennedy Onassis Reservoir, United States",40.785450999999995,-73.96261042305999
McCarren Park,Lorimer Street between Bayard Street and Driggs Avenue Brooklyn,11222,"McCarren Park, United States",40.721482050000006,-73.95486285150785
Mystery Room NYC,"365 Seventh Ave., fl. 2N Manhattan",10001,"Mystery Room NYC, Mercer Street, 10012, Mercer Street, New York, New York, United States",40.72608365,-73.9968194683738
National Parks of New York Harbor,"Federal Hall National Memorial, 26 ll Street Manhattan",10005,"Parking for Thomas Cole National Historic Site, 12414, Catskill, New York, United States",42.2261508,-73.8603224
New York Knicks,"Madison Square Garden, Seventh Avenue between 31st and 33rd Sts. Manhattan",10001,"New York, New York, United States",40.7127281,-74.0060152
One World Observatory,"One rld Trade Center, 285 Fulton Street 45 fl. ste. F Manhattan",10007,"One Worldwide Plaza, West 49th Street, 10019, West 49th Street, New York, New York, United States",40.762235149999995,-73.98694984774016
Parachute Jump,Boardwalk  (bet.  16th and  19th Sts.) Brooklyn,11224,"Parachute Jump, Boardwalk, 11224-9993, Boardwalk, New York, New York, United States",40.572983300000004,-73.98439677503009
Prospect Park Carousel,"Enter the park llink entrance (intersection of Empire, Ocean and Flatbush Aves.) Brooklyn",11210,"Prospect Park, United States",40.661774300000005,-73.97108902901994
Prospect Park Lake,Parkside and Ocean Avenues entrance Brooklyn,11218,"Prospect Park Lake, United States",40.657335450000005,-73.96579864243213
Queens Museum,"New York City Building, Flushing Meadows Corona Park Queens",11368,"Queens Museum, Meridian Road, 11368, Meridian Road, New York, New York, United States",40.745874799999996,-73.84674493683517
Riverside Park,Riverside Drive to Hudson River 72nd Street to St Clair Pl. New York,10115,"Riverside Park, United States",40.806879699999996,-73.96865959357001
Seaport District NYC,"Pier 17, Fulton and Front Streets Manhattan",10038,"South Street Seaport, Pier 16, 10038, Pier 16, New York, New York, United States",40.7057505,-74.0029056
Socrates Sculpture Park,32-01 Sculpture Park Broadway Queens,11106,"Socrates Sculpture Garden, United States",40.7682536,-73.93671154441708
South Street Seaport Museum,"Pier 16, South Street Seaport, South Street the foot of John St.; office: 12 Fulton Street Manhattan",10038,"South Street Seaport, Pier 16, 10038, Pier 16, New York, New York, United States",40.7057505,-74.0029056
St. Patrick's Cathedral,Fifth Avenue btw. 50th-51st Sts. Manhattan,10126,"Saint Patrick's Old Cathedral, Mulberry Street, 10012, Mulberry Street, New York, New York, United States",40.7235812,-73.9951929460534
Strawberry Fields/Imagine Mosaic,Bet 71st and 74th Street on the Central Park st side Manhattan,10023,"Imagine, Strawberry Fields, 10023-5104, Strawberry Fields, New York, New York, United States",40.7757584,-73.9752105
The New York Chinese Scholar's Garden,"Snug Harbor Cultural Center & Botanical Garden, 1000 Richmond Terrace Staten Island",10301,"Chinese Scholar's Garden, Cottage Road, 10301, Cottage Road, New York, New York, United States",40.64206365,-74.10434079772068
Victorian Gardens Amusement Park (Central Park),"llman Rink in Central Park, enter park 59th Street and Sixth Avenue Manhattan",10065,"Wollman Rink, Driprock Arch, 10106, Driprock Arch, New York, New York, United States",40.7677164,-73.97446700948448
Washington Square Park,4th St to verly Pl Manhattan,10003,"Washington Square Park, United States",40.73089125,-73.99758503833021
Woodlawn Cemetery,bster Avenue & E. 233rd St.; second entrance: Jerome Avenue Bainbridge Avenue Bronx,10470,"Woodlawn Cemetery, United States",40.8880118,-73.87281946307995
Manhattan Bridge,Enter Bowery between Canal and Bayard Streets (Manhattan side) Manhattan,10002,"Manhattan Bridge, Brooklyn-Queens Expressway, 11201-1832, Brooklyn-Queens Expressway, New York, New York, United States",40.7069799,-73.99046625873834
Wollman Rink,near 59th Street & Sixth Avenue within Central Park Manhattan,10021,"Wollman Rink, Driprock Arch, 10106, Driprock Arch, New York, New York, United States",40.7677164,-73.97446700948448
Central Park Zoo,830 Fifth Avenue (southeast corner of Central Park) Manhattan,10021,"Central Park Zoo, Wien Walk, 10153, Wien Walk, New York, New York, United States",40.7676005,-73.97184547517396
New York Mets,"Citi Field, 126th Street and Roosevelt Avenue Queens",11368,"Mets–Willets Point, Passerelle Pedestrian Overpass, 111354, Passerelle Pedestrian Overpass, New York, New York, United States",40.7524337,-73.8441172
Onassis Cultural Center New York,645 Fifth Avenue (enter on 51st St.) Manhattan,10022,"Islamic Cultural Center of New York, United States",40.78538945,-73.94859575341647
Deno's Wonder Wheel Amusement Park,3059 Denos Vourderis Place (12th Street Brooklyn,11224,"Deno's Wonder Wheel Amusement Park, Jones Walk, 11224, Jones Walk, New York, New York, United States",40.57405425,-73.9792213737092
Sunset Park,Bet. Fifth and Seventh Avenues and 41st and 44th Sts. Brooklyn,11220,"Sunset Park, New York, New York, United States",40.644337,-74.007532
Conservatory Water,72nd to 75th Street Manhattan,10021,"Conservatory Water, United States",40.774212649999996,-73.96714538844378
Central Park,Between Fifth Avenue and Central Park st Manhattan,10024,"Central Park, United States",40.7827725,-73.9653627406542
Bryant Park,Sixth Avenue between 40th and 42nd Sts. Manhattan,10018,"Bryant Park, 10018, New York, NY, United States",40.75375085,-73.98353680295259
High Bridge,Amsterdam Avenue and st 172nd Street Manhattan,10032,"Highbridge Park, United States",40.84591775,-73.92984478686537
Madison Square Park,23rd to 26th Sts. (bet. Fifth and Madison Aves.) Manhattan,10010,"Madison Square Park, United States",40.742144749999994,-73.9879991555057
Brooklyn Cyclones,"MCU Park, 1904 Surf Avenue Brooklyn",11224,"Brooklyn Cyclones, Kensington Walk, 11224, Kensington Walk, New York, New York, United States",40.5743088,-73.98381905306506
Manhattan by Sail,"Locations: N. Cove Marina, Brookfield Place (Liberty St.–Hudson River), Manhattan 10007; ",10007,"Soldiers' and Sailors' Monument, Riverside Drive, 10024, Riverside Drive, New York, New York, United States",40.792091049999996,-73.97892752347826
Manhattan by Sail,inside Battery Park the Hudson River (enter across from 17 State St.) Manhattan,10004,"Soldiers' and Sailors' Monument, Riverside Drive, 10024, Riverside Drive, New York, New York, United States",40.792091049999996,-73.97892752347826
Commodore Barry Park,Nassau Street (bet. Navy Street and N. Elliot Place) Brooklyn,11201,"Commodore John Barry Park, United States",40.69702125,-73.97892734764895
34th Street Partnership,,10018,"34th Street–Herald Square, 6th Avenue, 10019, 6th Avenue, New York, New York, United States",40.749567,-73.98795
Sara D. Roosevelt Park,East Houston Street to Canal Street (bet. Forsyth and Chrystie Sts.) Manhattan,10002,"Sara D. Roosevelt Park, United States",40.718607,-73.99314956769365
Central Park Arsenal,East side of the park Fifth Ave and 64th St Manhattan,10065,"Central Park, United States",40.7827725,-73.9653627406542
InterChurch Center,"475 Riverside Dr., rm. 253 Manhattan",10115,"Civic Center, New York, New York, United States",40.7136793,-74.0024042
Pelham Bay Park,Bruckner Blvd and stchester Ave Bronx,10461,"Pelham Bay Park, United States",40.85413105,-73.82217330144337
Hudson River Park,"st Side Highway, bet. Battery Place and  59th Street Manhattan",10014,"Concorde, Hudson River Park Esplanade, 100036, Hudson River Park Esplanade, New York, New York, United States",40.76570165,-74.00187785473938
New York City Horse Carriages,Pickup location: 59th Street btw. Fifth & Sixth Avenues opposite plaza hotel Manhattan,10019,"Hornell Loop, 11239, New York, New York, United States",40.6442372,-73.8792269
Pier 45,Enter Christopher St and the st Side Highway Manhattan,10014,"Pier 45, United States",40.7331703,-74.01241813815469
Long Island City Partnership,,11101,"Long Island City, Borden Avenue, 11109, Borden Avenue, Long Island City, NY, United States",40.7415095,-73.9569751
79th Street Boat Basin,79th St and the Hudson River Manhattan,10024,"West 79th Street Boat Basin, Henry Hudson Parkway, 10069, Henry Hudson Parkway, New York, New York, United States",40.78568805,-73.98599196850014
New York City Center, 55th Street between Sixth & Seventh Aves.; ,10019,"City Hall, Broadway, 10003, Broadway, New York, New York, United States",40.713282,-74.006978
Harlem Park to Park,,10026,"Harlem River Park Towers, New York, New York, United States",40.85175875,-73.92284928843519
Central Park Conservancy—Official Central Park Tours,"14 E. 60th St., 8th fl. New York",10022,"Central Park, United States",40.7827725,-73.9653627406542
Coney Island History Project,"Deno's nder eel Amusement Park, 3059  12th Street Brooklyn",11224,"Deno's Wonder Wheel Amusement Park, Jones Walk, 11224, Jones Walk, New York, New York, United States",40.57405425,-73.9792213737092
Franklin D. Roosevelt Four Freedoms Park,"1 FDR Four Freedoms Park, E. Road S. of Road 3 Manhattan",10044,"FDR Four Freedoms State Park, 1, FDR Four Freedoms Park, 10044, FDR Four Freedoms Park, New York, United States",40.750659049999996,-73.96044613479104
UNICEF House—Danny Kaye Visitors Centre,"3 U.N. Plaza, 44th Street btw. First & Second Avenues Manhattan",10016,"UNICEF House, East 44th Street, 10017, East 44th Street, New York, New York, United States",40.750245449999994,-73.96978344958781
NYC Department of Records and Information Services,"Visitor Center, 31 Chambers St., rm. 112 Manhattan",10007,"Surrogate's Courthouse, 31, Chambers Street, 10007, Chambers Street, New York, NY, United States",40.7135665,-74.00448291108998
